{"cameraMode":{"drawMode":0,"name":"Shaded","section":"Shading Mode"},"sceneLighting":false,"audioPlay":false,"sceneViewState":{"m_AlwaysRefresh":false,"showFog":true,"showSkybox":false,"showFlares":true,"showImageEffects":true,"showParticleSystems":true,"showVisualEffectGraphs":true,"m_FxEnabled":true},"in2DMode":false,"pivot":{"x":17.479999542236329,"y":0.7126009464263916,"z":0.012085199356079102},"rotation":{"x":0.002191620646044612,"y":0.0005974793457426131,"z":-0.0000030020266876817915,"w":-1.0000104904174805},"size":2.058312177658081,"orthographic":false}